loyer,surface
40273.02892981619,519.8809582580736
48633.89928991885,457.0763313755045
58205.17613801704,725.7825866375376
57199.272486950256,594.7830903763173
13509.856449801075,225.40034104240945
3939.192402805623,84.64813425680347
55597.549231350546,516.3964461924696
84417.96127203235,866.076388712567
31952.944431648244,365.98495738210676
1870.563564802518,27.74988415388784
7011.405139054345,118.38684575494071
14846.512697052009,163.28073012218206
39784.25254785173,398.6090441544802
19854.591457497667,188.30558395275148
28327.872454649187,528.6760277716879
18683.922002803094,746.3842552876663
14779.012613580802,453.3630336338778
17284.94151462263,178.8157559080841
53883.41151820709,505.53087881965456
28889.901107246722,268.0646039935037
41983.907195863336,554.3358802253115
37371.44611365917,523.7537067950956
62646.04920046035,771.0153991491325
17751.937360722448,399.87288265267347
48116.27444391384,543.7400641575275
72727.90094086716,703.1956328202667
15038.134256983232,227.8184261834559
10117.703481216553,200.86880848641206
3008.4770536578108,93.37393792332387
12384.414624960338,362.45423500593466
31591.727144375673,335.5443281458968
46.09630906295348,0.4381205845349605
2652.5840962927036,60.05927436088354
402.09787702958596,6.245162111289503
16270.542619931033,398.50456218782756
14232.567328433623,509.1097360457205
9455.956356771341,96.9228914570421
25991.953948861796,542.0716179188357
3662.467996652286,113.62848795829916
14683.512348184997,186.00924543705278
19059.404191770198,225.00699404474017
5498.254607693356,110.15191331460029
5070.97460567338,76.98036066044803
11778.353639031928,168.07394905821496
14332.097301530059,235.52284851519826
11289.830440148968,156.42441717120914
7373.565959769101,170.07704413522526
10.361560017130088,0.42349989735347826
33530.76483829567,326.71143049527075
22413.370398106967,567.6704440407719
8034.268407816706,116.9988498581005
29413.19912018643,275.55203077057064
37662.564849197384,399.4309961657102
34160.5605514664,490.58805818778495
18961.051059561676,452.5607279263117
32610.54691179967,434.10846087285125
57832.3479170665,1012.2338541048762
46791.33726946975,485.33184200163686
28102.1140659297,280.1647527350451
45967.996594621574,471.5806241443189
38862.85273698752,602.5428512312524
10979.606512540062,404.53981909637673
26735.44743718851,824.7472314288549
6627.313746703991,159.84449369060113
21844.223095779995,380.9863554324794
7704.340432852105,79.01181372946084
6661.353974561353,151.64238388823145
29803.44308111714,556.2641663063715
13597.104386802472,177.79240781468582
16378.352541908293,158.19619313417837
15293.418499316089,257.4925870883894
19811.635969497635,180.2859985499341
20840.76650685711,248.7175991256084
16633.66287283458,623.8457271998209
615.9560705751976,8.680528438146599
6892.597342234497,265.45582491821835
8836.132760144188,82.57949566969286
13369.116367003178,482.4841664553848
22328.004220769206,602.1093588222458
28932.33994541731,296.3928051009637
2406.5083676846116,40.28372423141346
14428.935662329563,245.50274451156105
64059.726802661215,805.482278163376
17444.572735236827,461.02256725492094
18603.495523371752,205.73131270970114
27078.923307552403,283.8338443825083
23235.473294910553,221.86051361921358
5042.2462555338125,62.07386647591483
34165.924574090124,523.7320968846734
20505.959583417625,625.464540104286
24274.081619011566,285.7133830120348
11838.791525323883,335.1506677743079
8059.068850036111,298.1924925150974
39080.49909610077,429.4456581017344
20302.709150018818,300.26469454096224
61040.999156664984,717.2305464413049
2705.5802369814605,80.18579309118394
2048.0472500891624,68.27215701128179
36731.720555530475,428.6172237190039
29825.54703713411,706.9880408021717
15170.436999942578,176.15103896692602
52885.68185596302,769.2577411526643
17772.926845633352,208.6863132455478
595.863312020996,25.015370364509977
13301.840314000441,209.1194454388236
5663.603589544838,66.82785897657382
27560.143541379322,301.0183996465223
19659.886899579775,208.12909043673434
31612.778645860028,299.4629213139623
3328.673873332789,134.28815191601262
8352.615600967547,214.83972195683876
25192.287399836725,251.46002621648046
34279.41630391715,329.90013396305704
60478.947423872014,621.901256695378
11211.20072392589,163.99134931403498
28035.219930030675,338.40274428485407
2320.6228111971836,61.562763365310516
3030.525131456647,99.71695293880424
29166.49851424503,521.6904209535776
19329.465035429217,242.039101149112
76423.40912827576,737.6251479990223
18679.10754212217,433.04314346423587
20117.803965212086,412.16689235404647
21420.14937011881,255.4720868207766
17828.09578386704,382.7433661941825
21349.68921382393,455.5979646609854
3273.2014025315434,48.996559397164184
6241.81610974386,88.58668137257645
15864.252855712633,257.5805251593389
25733.457974782046,686.4966566398155
22446.531176560533,643.4936956541784
21817.692654595387,199.02469734383052
20556.62356838435,245.4885983519298
55350.530232676814,815.8049905565098
13039.170592501418,119.42884954733293
62991.88041917536,606.0156091315098
119.11694874694228,3.644765755651588
21447.947206648238,281.03714524685336
2736.4708791158773,25.36072891666837
14678.038842362494,351.2202976796552
8587.765767538833,110.27414675289327
56069.17809308373,864.140219170748
13844.918818902644,185.56976303289622
6002.532933535595,139.69765812485224
10079.340437198773,261.4723707257848
21794.024615223843,248.772103295411
6574.868146334198,175.21159771617454
11874.356873173421,243.62608442153697
23797.661428304003,400.510844198323
6875.17928203758,71.87133561588092
27274.727093814185,327.6684280395359
6104.774466780991,196.24469363618798
15527.608747583145,495.6504019223777
58285.214362487444,628.7794901458121
8027.729372587666,175.43150064664187
10703.533583899332,162.1308048785414
62140.441541863525,621.029007212139
21178.795013101568,286.1788525443541
38094.6198935462,429.68339060488915
15287.654232504081,279.696419847556
5558.075833064048,111.81235971262821
36023.173138521415,353.7590987016784
31909.341580019165,790.2602483561933
5713.59893552114,64.85657481369809
33028.20082103518,404.7020803671964
60088.60958393385,756.8067225148391
27038.8468947089,515.7783216937241
3214.939219202691,50.632334685480124
47559.843942672356,744.9398008196266
12123.759056260786,143.39246312612914
6257.436307334309,205.58340909518645
18234.768036573332,569.828172861833
30047.949228413283,279.636873566575
19570.159442559136,227.04851909737485
10242.033749690163,147.7216887870149
13542.97364038178,278.8929633166135
18008.558634130226,347.6245096824322
18776.96206628629,200.93093315448795
4312.9872496755315,61.63816154380287
66379.73578357844,765.4822216176564
40454.144591412485,922.9410929866024
1559.661582845391,15.252832729878865
6836.762669665406,132.0914400711926
12630.983340830093,377.42639708977333
14203.920115750698,318.28025778230085
224.2316610554501,8.538782507954483
68739.98648912036,1001.4349331732163
7812.827743531878,156.399374873897
33267.85909323384,415.3946144246223
21566.79757233047,440.1069218648206
16998.330769268126,156.454379965542
32517.929913550754,626.605440754304
23265.216945233944,353.40382115238395
30944.946233187497,355.3677225561232
52030.925771763425,543.2228811635089
4941.32704984049,73.25869188948182
66726.88781376358,624.3851490541243
14213.951189129053,195.32261612027847
14325.339138463361,406.0286462344554
25261.12175043797,260.16504440727806
9583.059846346556,387.294228701546
14184.138357094502,450.79430354040977
23755.26432046158,288.50062938550343
3631.763265206075,40.90796207308542
78305.67202634468,780.6318664779567
47257.51148307413,430.3917240527071
6602.861951349196,176.26110502755563
1866.884349798023,72.31762870223217
6894.634177639169,98.76337889685432
26907.941530301287,722.5342238956953
1266.6997623107598,22.134298670597246
136987.3484248704,1260.9976612816406
28023.047554911034,384.4235687912095
41414.17147104246,732.4309322378672
36704.04046192426,404.8827886060481
6704.9166896427305,209.8910661193293
6426.661169392018,202.88550239621898
15961.889659759012,376.7348667396384
15499.92951378934,454.49614151475663
10095.43557397607,136.3371020355355
54520.758724937994,787.63576188019
4044.0010692391866,80.93953468633316
7764.5993653103305,326.7047450842621
37701.12350443143,373.6687004838113
2364.1581412385594,54.693116071898714
22386.441850800922,285.17494317263333
5731.573267965423,79.99209550070059
18060.331991350635,455.2153766994215
13882.082015988259,329.72770719662293
579.4584550198706,8.152278525616794
56384.56747452587,657.6691893612726
9489.814391182474,217.84894665604386
27022.26791627009,263.077137695082
24762.868400967043,744.5277904490292
19324.94431117517,192.93922568999247
7239.630876429094,274.714720585052
10298.327092049038,191.61861746882025
16180.027789853899,609.0957955416036
4000.1205915091978,96.8401323044971
44150.506389170885,461.91717183388437
27923.46678019087,630.6217452835264
17874.308784552562,305.8384685331361
2774.111180440732,34.90548874620137
36756.69685541686,414.42287604766335
5933.220662870568,71.33629281345284
12083.117120629307,130.88379537750063
16781.228534371978,608.1439326608905
44177.585187417906,619.93198086354
88275.00520404693,888.7906809930787
42971.49833092896,398.1346004054934
19017.119489146025,737.6934407515221
13900.139081781981,188.21556462321917
34503.33096926495,450.37353409593544
5344.284633980858,128.59345956862666
12212.372843877194,169.27252707310646
36678.52539430448,509.9894624373111
7200.746299935404,212.43694908209625
12918.508056273999,295.2699915410667
44576.88555077657,547.5611262271065
10973.228841880167,206.48305054373319
26840.18541920796,495.87096680682305
16256.69081099381,153.6859445170225
4568.979304021059,101.0542076597015
67072.3757897532,672.3358081128171
19011.444092876893,234.0297333440553
13877.07816287515,204.10081304623375
5141.913831678932,110.04341158838375
10751.388711169224,145.64817534289364
38500.841681450656,570.3097322762919
5753.256951038776,135.63055828124968
23128.540340343745,555.477833360573
8971.654869930666,126.28268940485782
19834.399015851413,594.1332148321445
6245.7516392021425,107.4880921507006
18618.012799833614,445.1307887568329
8508.705886710804,84.08519424632428
2911.397539500522,60.29163977755352
26352.262291271134,794.163739427663
889.7311499876239,10.075209248801311
15003.23230318003,227.99685776534662
49735.51610248506,585.3307791471411
11419.096130703723,121.97185251317447
11530.720912064413,413.04630933471356
26945.972169717134,517.1085001551662
15724.483116601396,205.8470905494677
40557.70127555676,381.6914237788354
19996.75667965141,456.4874155337788
50702.73329089308,498.74538752829955
52195.81716248293,665.6152553682327
28816.24045927275,389.51527847377935
13242.472788552772,269.3907693391772
1447.7032107088737,29.78386218383752
23356.9730473273,313.3249636273422
53720.322464794706,519.7287611483302
17666.943039340946,343.9153842601073
7857.803303568396,163.13746334751593
13791.360373671894,127.62157329446536
4178.718057826679,82.64880718676027
36643.39844354901,419.9842867461855
3280.5713694320516,78.5506110870515
7546.305820621359,82.94195959320814
9360.03780595848,95.02663642392979
2245.1151382775256,33.92468499948829
97459.90406105234,948.8141120100672
15921.122222061662,181.76864583863568
34222.17795636113,694.7791459490937
1680.7171796441364,71.65673933980418
12185.413629910021,287.3885588191566
32766.73455084635,316.5554241261101
37058.91599737427,802.3641984306048
6837.811031875039,82.07744682781384
10965.700493430579,315.9404544700824
19974.049128678227,498.5343064655804
10263.799251314906,166.53407229470696
6976.133291378126,136.2828698942455
25219.04785059265,427.5699427726924
11429.819225946583,170.16324201852524
15051.018434090758,627.577807984203
15408.35081228213,158.87702805308632
2397.338819653202,63.60724296843864
370.71350501787833,7.285660973825344
6257.778818211702,71.5002107859286
54943.07378058271,669.3865218954531
2331.5759336875108,65.41112977439718
4984.170249076154,75.21067940336425
23051.725853195454,236.9471281452094
6873.3448485994995,126.44049617547314
84364.27192725579,904.9830805686472
2468.262227030506,22.838337278305723
19441.98059091296,260.43077756391585
27142.22721519978,831.1133153510375
20110.294637400806,231.95884047758548
25243.2154535439,486.5971914954707
3204.7403736169567,48.69840539036172
40707.52947043426,701.5465457797089
13331.744557923572,408.5111105592646
12409.370795395736,394.7265432760729
77167.50508627068,763.3897391552518
9571.04127048494,167.06164099558458
45159.517264679795,618.457493933959
30976.37006698257,328.7512691877897
7399.636591673178,155.2484570193009
44913.09499318309,729.085269032877
27561.943565546506,254.63665148898502
4752.293797362899,63.662677934373015
20141.776043879985,279.08135455308326
1733.9528091585614,37.859336463891765
20993.589856409984,419.11629999980187
21726.76295712894,262.5188854708558
26623.63549124234,390.6439943893688
26669.47174811868,566.6787498733456
7598.886169231359,324.8731953703927
16117.804009838712,158.26223750898558
6167.744634189925,221.1098135654655
1719.952431400319,26.007075515243393
1786.1900795687936,20.49192349336643
9033.190352673762,264.83903774868276
12722.131380683313,372.60342922709975
10221.297144423314,136.36234807928778
35628.62261944437,537.2289050863088
16636.239858961755,161.66654824350508
32541.780762258884,558.9345712320119
22364.623007006303,631.0144230623973
3241.7072565796157,47.717349617028205
707.4315756945297,9.708441276086251
8461.469515937757,177.0461606945917
13327.654750087453,370.43936186803984
36569.00802369992,346.4025766672702
156.41110928875182,1.6594655320733356
62359.58544454089,613.996191306284
7473.226581162554,196.74577342665407
78126.51739731194,873.5139009740963
23426.577416657175,313.38825755973255
9523.040718459646,312.42526837752064
13904.06841446853,440.6942548489122
13702.369352849613,138.27793441112695
105944.51001437573,1046.967071078315
6510.497866892059,192.84079616125925
2034.9977958136585,82.77698741703341
11934.078265258124,181.42263674525185
15247.53124484089,260.0640849749367
13320.46241410465,492.0547871173573
46640.83235269502,773.4455079434802
5024.251204247362,90.81169347514489
48258.93582948008,584.926731543854
11789.5895101171,111.77114077444138
3520.190452275144,141.69389171896754
1153.741148140274,47.928729677678845
6688.107815930025,77.19440662467434
19481.143498826663,226.28216225528266
8268.137912228083,78.5082408672957
25103.43230023282,417.34465309896956
37644.615421504845,395.3090069454345
29666.285580037355,288.584611298365
8490.55197109294,86.3621379839809
11683.611768250028,195.2466815764344
2359.975942705128,62.13084245962028
53614.446618905495,886.0518953912358
14317.071322321108,141.01866111190034
43458.15711578397,577.7383522098829
7385.773298644273,219.97228814753396
15012.944797220074,209.2832724449061
49145.58255285303,863.4269683907589
21805.964270699566,314.5421864041817
11421.142821702695,149.19556077646885
29582.95178472965,853.1257587406359
22922.00101686294,373.80686294810323
18334.608821795024,532.2090052208973
17073.90639118724,250.578657796166
96.6720968035075,1.3184710865318703
4157.4345532741345,48.58914787396564
29660.871423488974,283.0500952268635
7142.574708522887,117.91145621234517
16211.975615654559,185.4797211037922
48647.077240530736,501.3408873376931
1264.6550375324075,14.431178330161858
8107.540051366517,168.76382158434262
3668.701391462707,129.39317393128306
27221.808109417267,388.70866254282004
44192.574294588165,532.1878930249203
29293.60405268574,280.59882400075736
10852.425821917133,187.4239999788302
27935.982359557693,258.7348172498583
32452.38253177565,299.53318345954614
18115.793724168157,465.34432431713265
18634.957154476408,236.27860655566573
14652.845075714324,428.73484660587826
18735.182837881624,199.02010438052406
4451.740822472985,75.49814594654669
28833.52716590803,338.7157246483336
17293.037520278187,174.4009609736664
30863.54563945058,509.6976864514389
53030.69302879309,754.7327538267534
56231.02046013255,548.4031074104796
39159.60601452683,378.9252880118237
13976.171550180123,156.05192639999512
11812.415417433303,230.45370345917104
38193.92948193833,431.5927572011216
754.6155572825212,8.429004144103436
3942.8567995680173,170.9346627740248
44760.42178745522,465.55978836523343
21466.837473921827,386.8321266400459
7761.864388374094,132.34525660020185
10232.710115727154,98.73831333660127
69456.09940864478,790.0781358220171
28341.4334012354,279.4791887621967
17179.01934211204,294.3403236415996
37505.915539975955,390.433948798682
40807.10609216237,384.2057751146937
32933.67646545791,818.5760364473163
20271.38705017643,265.53527632825984
2005.1081264071422,20.979677498964257
43120.259853885174,650.2411934198786
10348.065159277068,126.558240501196
1770.164576707631,76.86243266613336
16491.31977120999,259.1007592168328
16685.87951470252,635.0030996297855
36677.10098258221,503.8832605991837
32651.462044296524,308.6759588096967
3678.1115197136332,147.59219226454854
13075.474902940136,237.41272513344364
15542.859068806902,216.4925700657151
26993.470698273224,497.370443425585
6343.05427987387,258.6400281074217
14841.801244687307,265.8900677678315
495.63959406305275,11.007233487947211
6735.742549856215,256.47566496912043
13514.269043997932,153.31782582578782
39074.94957873521,483.8100973621033
11581.79245199222,113.6144238847453
3850.603416474876,47.44409259793174
17005.627252367616,243.50859832503872
51057.95640659846,482.0459305039355
39572.800787128595,363.22959598308756
49872.3688837332,499.81765680691524
44344.64983481601,430.2732385367696
12032.00762629357,269.95414858674053
19091.336091060497,195.89943761574608
72644.3017852203,840.7200243938059
10628.628538514551,129.7080541045707
15186.696970472181,225.15922944794158
48185.93027919951,472.59932570912144
14008.930524049456,419.329369676629
8939.333990200998,317.82545439417856
101938.92608358503,947.0558831893953
25701.731666948697,515.3193057786489
16341.32333119418,157.08811012018626
14516.50105853716,488.159774054006
18183.264197697554,220.35918023007244
30840.240427650588,411.4572822334866
14688.76379313323,398.63660961023464
10155.066744615535,141.28110957501278
12583.526584283865,250.46716158239238
24224.36356082141,410.95603723986085
8506.045149164966,98.10756610178048
22371.590707239196,746.7930803327854
26458.677126836374,281.89250429198046
23585.764258679395,300.45453144248074
16458.702609449625,504.44729330635914
6767.092625247693,104.24254243363221
5610.152432293317,97.87079786891417
21069.00565235565,435.8344217095579
13044.902619087268,563.6506772741154
36388.23354606315,347.107810199176
10391.103893669058,118.08015508227831
39679.79153964875,362.9326153260993
12707.994882527653,410.05413511433727
3455.3310996712075,86.42601445016274
28589.03307222499,630.7882437808377
84878.87737619277,818.878495334114
21222.934891019115,642.868350751862
22043.147621335007,214.90518921423583
38938.053109512635,480.19399377412753
2968.882253444072,124.1924633886062
48387.01544915483,572.1018566664245
13644.990024472309,141.6295261138711
18046.562302371076,184.95190529641772
22194.69372591344,202.64929577426904
39772.501530297166,470.1334596678531
6922.727928313777,112.32043734975338
8388.350481130848,203.32031049189703
2622.8742296276296,31.143299762935364
39327.02715026976,1008.1569343663239
40849.51369311448,509.2178190522094
449.2048480483493,9.819747998853941
16775.168128388097,370.1461749950108
4572.83527281783,98.49391363558043
42886.259663673016,543.5587314725566
13114.107764460294,376.6769859312006
10849.664085058377,125.2570158297972
81710.89115298672,859.9653476591648
30888.70170805212,538.1146938313085
8109.257463747548,152.37373277488928
31102.51295303257,408.4338263625988
7595.751608517608,271.2220058993819
20431.632966784735,384.8121379950994
4031.6051067210506,65.15836354967203
5939.736010963358,179.33286287955602
36844.97785469309,398.9946147980598
7727.985067820458,87.06817101532263
17870.88658256787,208.43779465213083
927.3532121991451,34.246321059622545
99989.15370956637,1000.0856509647907
19807.82131254973,269.8327484497447
35560.796856881476,838.804581943076
17335.730012275384,324.57770274661175
6901.616298001202,297.6332752007727
9867.345251711946,216.75884962352706
8036.862660694795,196.95213909294637
20305.565949909356,553.1014702816708
29447.94236398164,501.6914850974429
42560.17446900303,498.8877375489937
9098.633363680867,211.1479990120724
34076.09863621093,348.8625414239827
12547.53101945025,538.5177494315241
30296.095382781572,733.4393494051631
18750.691196364805,206.36537240374886
12074.889350088355,142.9137015852455
28872.769623873108,370.6547157688231
2796.7460838136544,38.31886729026537
9895.57654328656,101.80717984313017
6882.594214697408,171.72244908251628
6199.585107379547,87.01903297157386
21064.512104377372,208.8177438164384
4891.646976895302,70.69277906994672
31665.257866783704,494.05650269423137
33353.05613577053,370.7492918073427
40868.1479793619,447.1113216592854
455.85289419876176,14.669819581378391
8521.055914642227,158.22063821029616
20866.119094147074,299.93571155847854
7502.53790060233,76.32383911772904
51948.19743305754,526.728174822917
2219.1306000700793,49.39861144937051
10729.438139667986,220.00267817672665
6223.87909580717,247.88117147464388
5411.103502529664,103.0766605119391
1723.4536027746324,22.706615352313804
13793.79632626306,156.86501269594783
14285.466167246666,141.1533875524711
11793.634538647999,483.33529805745815
59.270752311077565,0.6721298298724872
41765.01048399055,454.18295614152794
38894.57161393035,655.5096396665003
10564.187199692513,373.0119112624159
10900.171452018494,429.2502806837172
5271.921027159454,70.83078029910827
10665.947576882816,107.30311174536416
10481.190395465892,236.37708631538734
2598.8366540493657,79.2021001666745
54307.31084862509,953.2264853072778
517.8418807369964,8.830314090992195
12871.11567365183,323.4725022279039
41124.12384592648,563.7293562097536
19248.681533262923,286.29064241081744
2834.9972695725187,79.55485910394833
38456.70485986508,439.0243339993845
13599.141113798523,255.38913789433354
6196.727744022047,175.0486108549345
45886.054138032174,568.9278663858086
19534.62073600513,250.87073886816128
39837.689024107414,559.0028439109867
16074.734922480991,308.83791593056554
4792.715149529259,106.29818080512247
4564.6918696602015,78.95744316800145
2085.0868985210673,20.465359995657938
30624.858910690255,421.59317355168076
31948.766357260927,547.0980609501165
35804.38668417163,748.1036336694649
743.603714133836,8.851165511367354
12540.439301815466,371.5214359810421
6573.409288050015,61.764234308225376
33812.4268062727,443.3309006161171
31116.91140019442,854.3436848493088
23273.17971533341,360.5121221675611
20010.19619456026,528.4907263492357
17031.740527138878,199.32243796728983
33194.75723906122,510.73602438251237
12984.390974491029,173.6796576494907
11403.173226781491,117.14078089439711
2333.954584854769,28.91299794561843
47699.93527716027,622.4795189397298
7992.671176788969,83.98147096931814
22925.246215302766,227.42394116052557
56497.910859104966,536.238129085493
29265.210578982835,426.69478116250434
99646.0468602714,926.5520739766337
5114.758619806797,58.40494694532793
10481.25393751816,166.37598944210734
29.213840655898963,1.1756407990030784
4295.374135749473,53.800370298168076
57532.732440795706,561.1328028724461
31194.19179623555,521.6683334748648
12207.170284343973,502.37060130228133
7292.73654090245,77.01110078737365
40982.257823605505,455.7256546856141
19579.261077787214,277.6182132915009
10470.281811873581,191.62579271389416
36406.7383419897,391.2974313453302
27946.38670448058,267.4239585492477
50668.09623403093,569.808885791854
235.50272693916628,6.039780629653922
25516.98243994869,704.5951194860886
17379.703812652566,189.01064142467538
39312.58671224134,484.0315308124168
6455.36786424186,61.61066669237092
14879.428872622195,263.14181019406846
232.00859859809785,4.060092409145877
10303.720845519858,346.75531347218623
50330.78902555605,839.6826841644838
41405.65079911699,527.0196997918167
467.91932204933147,15.223598763147738
66446.06003459785,1015.9654990444869
1675.201428001174,66.32229369032126
7770.394776653558,79.11098267596532
8914.404088365769,111.28143611965652
29149.159323463777,345.96234436865956
71210.7622424943,781.3597457545335
4106.420080811361,102.2050150715799
3326.215624246402,79.75198815391825
8548.711168734993,335.7515969108899
3370.579545689093,33.69195249172953
25799.23725596298,524.4006553548493
9096.91725804232,343.4077159158494
23293.69109209206,479.8914964635626
23477.15140406791,287.17512344346704
4542.679823952789,48.2981111414294
4448.595667899401,82.49878874156931
4532.341821390581,153.108552444778
9937.014253073681,134.1522226887089
23131.978198110803,506.07548742036334
14297.038531951137,491.62129330668176
12013.587466199031,277.4502398628801
73707.5741585967,741.0787794056412
42106.270310119806,520.8344495942677
14367.52819600789,464.5476471148125
32692.82322885116,338.4888010799131
37925.40635762104,801.2265438794061
67622.51347485385,843.4795176582453
29716.375359506983,338.93774588061217
54760.720201903714,517.2672945127091
420.9617533839301,13.734062802437924
9536.423195988926,331.14093482125975
795.1235318610114,31.587824325575358
24826.90796311432,483.5492166339606
24743.58255368139,446.7440356135972
10249.637530882052,216.77619643030636
11469.824167633931,192.8210989046179
19685.624359012007,182.79028944946938
18016.714099254772,424.4977330618123
10166.468761872326,154.93332016863368
5021.764619696348,89.75735696340135
34559.01576154741,451.7128181236747
2573.647960048583,27.539843918911853
20750.130874837196,197.33062663158682
59300.74750282823,685.3730180549636
15437.654200133764,294.4752967758591
1099.2434411532133,39.57576182406608
7095.78469503884,238.46701673256126
4904.08757182134,205.9728915333519
25534.445653559167,245.8598604849775
12058.07247222115,232.5836691642581
7104.9111069779,175.0268495576702
23344.515963777743,271.1219042129127
8734.194977929747,164.68427704078633
586.3061468850199,18.97425812249434
26267.912007632545,483.5725962740572
24355.118451467042,233.25161879805256
1830.0863597493553,76.41797632893378
9539.274639144529,115.91911958716615
6341.46803647719,95.89330400683363
8758.225406122127,150.19800166649833
56078.49880531184,531.6973392647566
19982.94885706728,221.3798076450484
17660.42677997406,166.59142560171543
55146.704200814325,533.3880255980379
26479.53178166237,323.66756262763676
29799.488146389067,589.1253229253807
1388.3147004392174,23.67362785485184
28527.25363626818,298.12824679236735
43633.96945183091,708.7378963807286
19000.485836899355,220.024627594265
33752.146435959614,398.17339030072674
1072.6562877960503,34.40915679318013
4255.323009372275,105.26092192581699
15498.468801161425,294.8531862636625
18421.756108754955,221.08166115019034
4440.5098232245,115.24783242184243
2128.9253713267326,82.92652456349244
24175.30551554171,252.94103081839918
1593.4677944612174,30.548136401058763
16041.329635125405,219.7031342245168
835.1648033495943,8.486405786392973
11683.937496101755,243.70836192136065
75193.4115347285,820.1620554481543
16556.200694529558,413.56194452384943
82041.37130205471,831.2640726985022
8818.068563363182,148.5561487700298
27905.223467869306,448.14017650486807
15931.482334106346,157.5283672159835
88302.98903340202,1176.876094390284
32035.05404204937,440.8529725534972
33808.70057311983,386.6649229439765
15467.324183822835,162.78533144679932
41014.720912092176,373.22162007466636
7095.214801753553,95.50685071906426
16534.637835721554,470.56516160818796
3784.6800209653907,126.53273275941882
45673.74548241677,456.8190003000005
744.143583916468,26.332424855468204
383.11341144695007,14.995311618028989
3247.101574753947,46.27868369083928
34052.93017667798,416.29079959301873
10325.71366716453,95.75030510136914
46032.50285018836,496.348157132842
30403.026306635646,315.3167968607926
1926.6259214368436,32.53074630046241
31609.884063243895,444.58740373708235
661.3013916076815,6.377295376208913
6467.193986120484,266.1656440450495
70336.18330236686,830.7494969027247
1953.1543676669767,39.43842922074158
11967.370290003226,129.10083773311516
31255.92976398704,964.5401069428129
12276.102944775866,185.5762974494383
9260.399854687072,267.1675814700135
3682.079389924119,91.6492981800107
7645.123013518144,149.46370950028316
7790.776373841044,178.85315331527082
53356.050806167266,706.2418168261764
10355.589131737857,105.96615574700469
2529.001515696251,26.588434101361955
28541.07002738554,272.0218646577291
38756.993738633995,378.95305811943433
9680.526194114953,256.2229859765059
6130.850490369428,164.91088571164465
56402.08036451377,561.2985037122648
28402.996244722948,629.328933723946
23870.387902279923,303.9546674406041
3849.120188521046,108.20750166873916
10696.932977142296,117.67199938909467
33241.99095881286,390.5638624335511
33458.82009790842,324.1837067991413
1435.854295193711,32.088194645573424
21626.95404538925,672.3851782000356
8739.29147817622,339.90464153675504
1471.269874637986,30.88852701355699
632.1762812246516,8.18211311642154
665.4660855650704,8.76259692103337
15840.191569353126,322.2395031827216
12761.109313598892,150.8633095894238
12228.886709049508,245.84937195733914
17416.265814266953,279.1586767885796
10680.671510001186,259.7731901866508
78824.12252963401,730.3958400946815
49734.57683052242,504.710301750833
16402.92337735437,317.4100112070469
16986.815361041437,154.5290783032179
7920.762051939198,185.7070984812442
26566.520703370814,242.24236451859605
48486.51277623044,600.0457078425204
53896.15101587191,533.5513824799369
3328.3110706012008,76.78949122282208
3257.5181149643417,59.32750977614418
13597.506993909485,431.77033561567396
2503.100804543465,75.31037286739661
3004.7218448412664,116.05695204607213
22733.543223106575,313.7897298050817
27988.53486876855,453.964395963667
47016.26538524751,471.92742717749127
11910.76206372872,120.40547332067698
9184.484082536328,102.4433207179461
42030.500036784164,416.8557289319915
3915.8548237725895,42.93162213875432
24951.38078562069,449.39203965510734
50852.57503034337,472.5928062546518
2158.544423295369,46.471774652630714
31672.51030096528,458.42093817183866
1011.0616729611065,12.290930585838524
8669.837380056162,157.38479086222117
6726.197194472293,154.79597583569753
20869.740928804673,779.2715491433318
40752.42393735269,487.7646995079487
30647.490595337524,319.305744666127
29220.700960041064,469.1250911286501
2616.640417378414,39.73526290965612
7541.671852293504,241.38271940720244
1418.6271717214902,13.090198129986634
13091.633003950372,150.2542664481232
10860.179890436048,211.87071148538556
15009.02217003862,341.0669678367746
6695.371530426695,155.71959812363843
38827.5842512008,396.43692834619844
4623.988884376302,59.43315040501077
3905.8046236609407,38.73607402351206
22853.172401378506,297.4575673546472
21450.39858167219,519.4285936956716
37451.66076584832,423.2445100042345
1331.4926895878373,51.495384670443045
41928.98164453878,483.32908639122707
22840.81046060418,419.267137085878
14591.237790747506,239.65114037224043
12540.565852994463,362.3114523128169
17407.66828905701,170.80766082541874
31651.660400383826,333.142702133583
15698.961484396437,237.98817047978946
32117.806532721013,400.3762744291501
37019.25745834466,376.4505598779839
2823.0945154453875,37.75798019059353
18788.739231960702,381.69095925875223
9294.525085651752,255.97416621971865
6850.776848585998,230.44025413204403
9655.608415493472,359.4307449729702
13416.130274977297,127.67173985841242
10028.05863488481,328.4390601351812
7117.927344594094,66.06444580029807
27907.471165748895,385.22986433072214
832.8095163084812,15.759597673385766
1583.0465769328116,15.674995692257095
32118.167686850345,370.65033197141645
19794.198049910665,395.62424623950335
9317.037094336529,205.43370275375779
15998.501007255378,189.0035370915345
16900.763291518444,211.8467715429629
13022.49776618618,125.19470487734557
41392.38658035605,417.70823876374317
17136.81495938242,189.69481798495698
3460.0847756401054,38.943493794182
1587.3635287231189,29.130211316291135
27877.872121264125,322.4532509864631
27433.19160205194,506.14922035353504
38296.081762227026,709.7519920694509
40382.40868603093,551.9158641919123
79158.45039752015,753.1195146144183
24985.92571287817,886.4082148884106
16413.251004522648,376.8056197801536
16847.028403472545,189.57634887113764
6122.713205655918,224.45270017218323
33270.94892409185,855.7798869781388
37397.66871269429,636.3625671379276
23939.6250503304,282.56489938815986
28111.71117469906,569.7461761117977
18973.908643017272,264.527140931593
26084.790481169777,312.019301236231
18954.824836059885,331.65219173576185
19086.505279413574,496.3288950480367
43804.20265421236,464.6320949373329
20502.448657572364,438.8661160618191
3440.4102828389296,88.04737659465003
7884.350210360978,105.70963355374684
11346.89096928211,394.5110807673974
19093.59237617495,262.0244869042844
29590.71038338145,291.0268530941204
4771.294197365099,47.96320743737241
23903.190521449436,243.4831847115836
1854.8021279635911,38.10189478582807
20788.454948510513,295.7333868329924
7629.1543390377965,191.30072111151293
34652.79543746408,689.9890305031091
15659.753821634344,398.26517329597743
36394.67786833166,366.54747556075114
16119.410613176477,163.3432064255521
13188.487218367074,231.08473947519747
56262.80037077538,628.3546966963245
25134.391482968458,259.21241159498146
15835.355636269696,262.5165023127994
15990.796756395965,255.51086837632806
3050.834739510506,57.057166315859334
17256.95212268021,549.3473935944717
27618.539737246323,473.91900914654934
25304.592961788203,468.4956008025962
18826.634452757906,489.29805491987156
9332.995272740438,177.8943912877729
4244.00785236887,65.95648926857568
31055.85151288212,413.91958941144736
5748.808192200135,69.08386980220659
228.2688490567798,5.734033141170793
1826.9376555440908,44.97454017669918
37546.3772633833,527.5283386305568
24026.821580084546,471.2509325574215
52031.887918882865,750.1215757233292
12304.892354210346,289.04395126780713
26294.12221975376,523.7053240325163
30771.259393133805,609.6378101251973
33754.14610768342,532.4164168669846
2378.9358160334173,84.77473531915247
40601.10789752677,521.0947171686987
25311.91416679495,573.2725881961263
5576.124761351088,232.1591308758246
15716.583582390598,345.2182948397763
8942.244081176035,82.38791356824964
8931.457859722705,132.69566083333441
3998.5758652060263,119.02030562352556
36876.721051040586,443.41697545208933
1550.656537399431,63.895449379222484
13285.775228060498,330.56926360429236
43792.21909359867,598.2608182573443
471.4922035256328,17.163681369470048
10214.057463806308,109.49817850027154
29142.817956593084,810.1585081749325
22995.431958210836,242.35692271123324
13585.794744034853,175.19682078958402
6741.441923819435,221.07499399341236
37081.9878730483,495.1999209555638
27708.265870604777,355.81530222263467
10210.659052450143,107.90492813209713
20701.935905453676,244.5223697123473
1378.343438316002,29.430671348274586
2557.116155410515,29.48431816589144
10726.591657465415,125.23986629449374
2938.027753972736,27.850008221405066
8851.888664832803,356.6078707918627
69318.31658255025,781.8579177782696
53110.3156031492,485.89151466730794
22426.26191831398,709.0670592562784
11206.396284362088,208.11019230644084
638.5734807625148,18.30940278423676
43662.400753291506,1066.9423773828385
43891.29404794567,703.0127101901974
18938.064609594214,337.15794873174036
11737.101611536624,202.05175896950297
15279.559931728843,199.17403075488656
17735.833602741728,170.65877234433106
863.5406188997118,26.297212951366618
13119.697474274562,249.70810603072874
16262.873419421294,149.74866247490274
19457.0743030684,735.7457148258572
29027.80901630669,307.43840889012233
15751.567311435314,294.48446112005485
29645.194508280056,394.8462433456256
13418.2578181727,520.4197657859315
23381.236685786254,580.3001471506689
13262.633542059533,376.8405933572819
18064.50746761936,284.0441212361474
34601.8488559332,957.1126673644598
16522.548854036562,504.03171465470916
1797.0100385443645,34.12775270254518
30497.059229685627,339.60656403547523
13904.699387246508,340.3864517620663
37854.57465168618,657.8807043094432
6708.356418443774,209.9291522852862
54905.72150960929,718.3981777606492
7479.021134743169,128.72754685021837
214.1804952809333,2.8062466427431403
7051.118622633618,173.88817130545672
7138.010074486817,164.9654593211748
13052.078470711023,132.39313075347013
31107.169970550596,428.7047557780283
25847.633155171785,558.1030821278639
37934.929267676605,362.9102337866328
26074.51177317076,255.078635868005
1983.2445035143735,19.801908396082183
768.5763099966086,8.56827706319358
29697.14518811966,488.27430378973014
7013.656028056441,164.4836314219523
37904.259614719034,424.1883297675535
2641.1507825636645,107.31151604883992
30916.9019023499,314.300500293788
84868.32667913503,1270.6287866727516
2251.5286449797554,93.93938247880814
9352.504756197692,277.707232139976
35819.74943119148,374.3533347956864
2548.3522761589156,50.48299632907308
4620.090339527678,96.43458644585783
6675.094777410311,89.98438609315252
46101.78086201351,476.30501961391116
46573.30722008308,809.0545286226074
19350.824210394007,636.8488641150976
19236.601697609807,452.52136895442374
40944.612708356515,532.6102698173636
64559.29788048141,610.1509558827213
3803.195087616234,132.8423190446289
726.1597801514473,15.660454487897649
16262.37530847359,465.73880310249393
27089.6043292273,287.4352404593763
18963.560956630412,413.3446050214111
5745.269258060878,128.95478745296268
1052.596923139018,17.06307193935539
14509.643289510273,310.8957267937962
17683.068622844123,477.6807245515072
7273.058823279979,77.08665648470213
12709.364126487237,275.0968786233059
43603.52246334404,692.4919420580455
8970.446803851632,287.15375490742883
34071.67769137425,490.91814201894493
16446.90525380085,647.0325560492059
26357.29952494996,403.8265665325223
775.8794430335997,19.710560755194244
16439.43819677791,260.3769392031381
4074.9819946717357,99.81528184426422
21839.36806859796,442.706407945052
13187.084861651721,125.14438566128311
19690.039620734013,311.7398700844419
13858.707681114161,342.5163778362663
59458.249834449016,788.7664615631479
16955.316248805746,191.63414995138626
23591.43365860563,310.74533125663953
3075.0615272236623,76.4142833686271
22738.073229139016,227.56718564552298
9264.202902865309,92.18436182134829
13371.821982927719,180.33917156623986
58405.802461352876,831.075218556424
30268.69876029861,821.4045594500917
20810.623502152877,220.69240440389567
13321.740799358638,132.230016621035
17544.16331134257,606.9299245106996
964.7913083342677,19.074762244101272
5498.444827642441,73.81462046366354
25626.092591112287,431.50724569079216
18808.44010058822,177.36436003955293
4449.078203872155,72.6050132193943
14284.078536143363,310.91176139001095
6758.896301656578,266.97366282447666
9471.780454085641,136.58875005966675
20326.463317358062,298.8657899298537
22601.866947624367,504.54989291834215
39816.815523845406,708.9250218393865
2428.2612297043324,101.27001257326634
9401.433452640502,175.86606082795353
8626.073421400468,290.48695943605765
23246.569408523377,246.51857040583917
36766.50528892572,334.7832252390881
33626.522470253505,350.5757735590404
13463.782537755991,564.9706705029715
17050.11928158034,512.694292346788
9364.865223013367,279.62326430370086
5867.4362943391125,97.92438988125758
6278.266070572869,148.1606206207784
23003.384457686574,416.02685963175827
7776.242833723169,137.3271985315074
26287.546867816494,478.87309811052495
11037.498773220423,367.4880994026315
26666.077885992414,409.3974341515856
17388.599468955057,180.23750725722581
29598.238335396098,356.3200636778282
771.2186777212527,23.703452014221483
18213.08906783851,281.68642705226074
21709.876387730157,263.7123104895053
24738.783755962533,535.1175636338327
2183.461089918297,24.02079471529072
4654.168847078852,47.200117019888516
14045.766014324841,161.72060815497917
56260.69944262371,843.1131967748266
28352.546006628305,517.4632563154877
20704.3636778005,700.2038927516364
31015.00308711756,477.8850478627064
11280.159643682984,315.7558297710041
11879.596928071995,110.05518989137485
7552.398531544091,152.29011572975517
26646.08824568334,269.54063872765977
24014.239136119475,405.4483533765977
22118.910224596642,529.3026650178563
2086.6900501557693,50.721478927449574
46945.80992737678,432.2660816775225
35317.99804189647,430.97386377455484
1785.939738264559,20.378545447356466
3259.0586831472774,70.62610632490694
5938.126404333362,176.23532613038458
10805.59693256159,131.95814453423316
4516.784980039339,175.42581027790263
43751.11112068551,448.65630972435434
9085.048622241098,241.94321284254903
37159.4310070625,512.4145068714747
34786.494515563674,316.5850360990255
5541.767224682315,90.9348666205179
22550.945203351795,212.71144440086388
11217.339590033202,141.39751522777857
52518.52496840587,584.689174049337
1195.609623185718,36.71850638695792
21917.109852591322,452.0540934380347
30552.00931757412,738.0863462413961
38818.256943110995,355.28699635789775
82463.16567611025,805.7547607815511
45600.54990302619,480.1952537202658
15586.850028250105,313.81056240513493
7511.786003864445,92.05794216724232
47802.523756178605,461.62454754951176
9488.619692500408,280.479979773988
62035.18858570963,698.6589561247001
18958.518584136153,392.44716833228347
16404.22030123409,163.56065694867084
33906.32793145951,308.8893481519969
4186.785618320105,50.680663072263016
970.0370495889385,11.586108106998145
39103.34151381777,410.08088007151963
898.241408908431,17.359829919529563
7829.464691656367,292.17474477247424
33284.965775353274,407.85679056766287
7112.248311711824,108.89803307974051
14664.956393908984,336.3340162941465
1001.1723882043026,21.656012949744955
20088.105813962306,262.89497443219676
13752.53520360633,138.64341892426495
395.2343589751582,15.089972657041525
7468.315722667487,90.65136070245097
12000.112078840675,376.5706732620073
11609.890693314715,166.22490661021578
5176.736573012217,120.01447146833021
23691.950896957933,482.16123041355075
532.0055749507028,12.502026235920386
15656.256996847571,462.1407915348452
6955.910692266794,125.42138444435486
19025.3202330046,247.5979968470163
17696.814600576352,182.30953855263468
1574.2661003846392,24.797444538342152
132249.11388354245,1283.221030159005
73623.2636273315,750.1599645893644
4899.0465650716305,100.64569678033376
5859.0610740976035,224.25711655999518
9911.52337203229,177.72271692050762
13007.675728287417,253.11882696660172
20874.43633065192,371.44968474561045
4795.201972682013,203.06650137932877
12467.85633184553,331.7739581169291
10016.089134971411,237.98450255352023
58499.46197798208,596.7086771903909
3242.6175656929477,112.3025391965206
2532.189700178022,74.75349703161804
16017.8757563768,328.9426817796481
22631.003068722326,576.4383377950472
6431.485140895737,183.57113477766447
15592.655720031134,218.28711058197325
2312.2900259541993,43.07045221365274
31749.73382957947,450.15957835059424
35655.53797360548,508.117378962647
60522.27590356892,588.6467222334492
13403.081381899463,219.72061684928838
18348.16650204646,707.1659813951238
77576.16609740604,1387.082896810286
5528.27146658113,112.18384006636182
32882.7326094813,561.9064134647658
70444.42777597593,830.083647656227
8813.029818300158,84.88857806122084
33737.0652697864,681.5288780716218
9040.351830012898,100.4125381830358
22811.886525243848,292.4986375565674
2811.7172243932664,53.834295067658886
4761.555151562176,100.31275735391304
383.42045834030534,15.924277963554026
8431.548184629339,197.781199255827
20176.31072701754,402.9691748869611
33282.22948361144,352.9916084053472
40710.35313874424,583.699937473038
28620.81073607638,468.4292904813567
21583.43151942462,223.4330981286011
15297.748847540553,151.4444011760779
7348.679123598713,72.17460632025553
5102.864116574221,54.04375530572241
43435.82718351455,696.1438391287219
5082.972698612133,50.95166991093254
16927.12708158792,323.7650501944593
1863.7486628341608,53.927077035299575
27018.5894735262,476.738283197214
761.7907373711306,14.57648308398271
5594.428319295296,76.85381151054256
10830.144685814226,134.0835298895345
3353.6040746878293,48.422012348958454
5701.8537883259,225.2525673294044
19691.48224576197,225.30208709047037
21428.954397730617,199.05211176621225
24809.435928829756,398.5497068546156
14285.081460580504,141.89917137087892
13916.32695642916,174.08805156236056
15463.07754442134,140.97320830429163
14954.071630113116,199.2912335668313
11259.895105858646,173.7029361276911
16962.873025840225,199.6149113166911
9350.76941991326,240.76633279068855
19459.32575943952,362.36020143273487
8442.354988703059,104.73931761834157
54980.72208246494,504.5477258884713
14676.031838821787,221.82576954673746
45734.453860928275,717.2560993577945
4376.497617255882,97.89877894848713
10804.899228732402,231.5481115809275
104032.40821386444,1343.691323759254
35122.839069714944,512.2296142813043
1680.4337655079669,16.568900408484325
15702.385485363218,157.61934329630986
44606.27568731391,444.11958714116236
9931.878887719227,199.743568255887
1949.476051323818,21.21678473970193
19816.97360249256,360.9310156296762
16405.082646510073,167.31944399514546
3637.5952819303557,40.240741705390654
13347.07234775682,310.54312461968647
5007.935088236948,77.38226279781998
336.35409034368917,3.839348970987011
27071.344740055927,492.6713861359424
2251.5791024695704,88.17524009300531
9060.261186636453,123.51268158774539
8127.229892140079,179.08696787856033
3945.6393076519503,42.97622209558084
12.775649827275547,0.39120091924847067
449.947289255785,13.373587252239014
1979.9171324409103,25.00280947640295
3345.8074742879508,105.81144590003922
16503.461732488133,359.27996016746124
15104.84797502768,409.0832954143091
56213.506964792,786.4652238019249
30412.63795632147,380.89088149513543
5270.240852395762,65.15483430471082
30234.7828125135,310.5602327616302
5282.361287923068,125.47147641257047
2430.8715188285123,31.520353263169866
36920.794455815725,783.8588130630931
41951.66017115012,802.3725522682494
17391.294497424013,347.411488016594
76.34477125555613,1.7563882080531474
6189.083469958213,86.21082992254863
20101.184185565042,263.334638840626
9819.10057319628,300.5072563895951
13814.583203693548,317.39412437435465
41044.55276790043,455.2202792394802
2165.489784538924,26.54297036230146
18488.98787000331,653.2305391944857
3775.236840963628,67.83157170724436
12910.417362341193,198.99674331401422
12580.753306563258,119.85773581985106
20537.597950096133,248.5459858919487
12146.488914929454,280.55893781279116
17365.035532601833,502.76715698658603
13989.65581462072,503.13673963347424
1537.2793109681984,18.241854729099423
1306.2914572711966,49.49605794315617
8182.664553923468,188.99362539770755
15421.83874100141,174.924940755758
62037.73880020015,701.9828275317959
62247.38049358321,628.2149159568868
73959.14111359674,835.5498249181095
24924.844962570238,226.76413026563512
78092.66209450073,736.2965407434571
12003.206904308396,464.0510172483403
53163.719918847564,547.8264084604867
30831.307210626528,308.6371556613236
13305.808097009454,190.79346040932919
1578.308994058683,16.303285663696823
48968.55231148925,708.2224433275244
8514.820159915249,271.34611097002704
19551.236654622022,545.4118836688514
561.7257145798968,16.88603978020936
33519.96702284516,444.8069230389767
31089.04126185272,714.883735433442
11032.913983942379,133.6745576970625
9926.156214263307,182.1421510916605
15722.483485770099,504.116535426685
12422.526182078649,369.461773187351
15040.139661647283,152.06480669285563
5374.8410279070895,91.0470063954587
106.48512617899819,3.335113998598935
7306.818070631719,124.29490510470416
24251.278761424408,220.51255787457134
10807.305956105298,107.67007716640599
29599.863532500123,519.4838552792581
37641.73783509883,345.33964801529345
22169.054014274527,219.68383050579217
21265.131688588488,621.1476399397482
24701.93202211935,233.2166180533192
60923.36406891057,588.5761872823261
9802.298744705848,134.16349162806964
11282.462967600171,161.83180433840334
19045.820457857702,209.43062770306818
23561.01327886968,237.46669853624272
4509.8112326211985,66.06495880695434
70163.43245490592,667.92384278857
16481.426421743417,159.5359286110549
4052.5691580271196,138.69990722860146
33601.30920294482,343.5450603458209
46326.801187726545,492.48832441748783
3805.1015569562574,145.64651365643454
6886.536658820887,63.79343705512069
3357.3961153641385,130.93570689729836
21829.90182963252,243.95462912973983
15189.404907500013,226.05520627859318
1453.8619975237766,15.971128907558931
20797.13391444606,204.37277492863402
15966.49190839838,585.4671722119774
16324.387132343614,663.5925519695735
5060.997873502407,191.385248882263
27084.322467544152,259.79273985282555
18369.18897343052,169.5432722383258
24241.310546733475,631.2082695302925
23733.86521480373,233.70515209482343
18482.673136638787,447.37206326607384
21333.410958046803,306.00225837408107
2641.566837647635,35.58488002571032
8024.714604202638,110.13819229233518
49908.54609846444,627.5114923691697
9375.583967098108,249.2639434493408
12805.673045924681,161.80022572373556
20259.55469360529,249.40569549120943
13446.168341443992,240.6331257539708
9616.201423314364,203.16209270708444
7576.375677167777,312.8193588861358
5998.91441899786,160.71577911834507
20288.469529455917,568.2511882099573
3849.281323874413,57.218305009478115
12029.330843647827,114.38834168759787
19794.71114021172,658.0985365926892
10936.975438849353,237.46642168877364
10981.214311072876,161.21426016837358
4147.53765420617,99.51512865375109
639.2584035662602,19.88802154802968
35208.04789247406,589.403835718038
61915.32726035845,882.4260139706797
38954.07256679068,400.3717886752569
6048.784384830489,103.33342346054467
7960.875948901194,100.48932728190839
20578.22925593984,796.7551522456591
2788.455443229112,97.44714742125664
2880.9884047014725,78.05373640663282
1745.0334293189544,61.82876084653978
5181.21640755558,150.54456712492015
68331.28741369532,672.925365396139
19941.97109297445,217.32144541370405
12517.62957843447,311.3505628615059
29718.33470221398,271.0096919977392
5118.585228521701,58.306890682876926
24849.597157957163,286.73943518336694
13959.53330342836,327.34408761558296
8481.690234569434,194.73739896621024
107313.22606628625,1250.8808029643717
13107.938008139454,147.63645666790904
42447.8434590852,433.8295823627871
4630.9462963461465,43.823423246417654
31535.506696405155,396.4223730471148
6676.024099194134,157.71665452310555
24516.37913975197,292.35581844100665
4664.01741193311,133.21217418460853
46006.9017581131,651.9688564432718
22798.974356378993,444.45589887271
8698.420130637913,184.29172004541724
10786.960307069554,219.67024287049864
7133.176796683125,274.3794302156263
10232.404358571252,216.7847660167678
5090.282368807923,123.53748271408736
2204.6521605851167,41.20195747933265
23126.795956688922,643.8212694219541
55292.56986113325,552.0468237782442
8698.721692801017,187.80724692060815
34207.02576188172,438.823276865024
17134.517518670236,189.237100571905
30627.69953530653,480.13959122426235
35802.8307406623,574.383400487356
9693.068738023823,89.18920070208735
3369.090833688331,39.539011822651894
6586.378054154377,98.57495973694873
16198.019934399901,152.3263319954631
28696.666715245712,585.2380691005241
25651.507115766726,452.81813530398244
40265.73454095959,426.25944480305367
50633.47313865963,577.2087740989732
13407.624724687614,359.7187586657172
69318.37320236169,1136.0636328241994
4354.696760860331,185.90258607993053
50437.97403542082,510.77008735910357
29908.690196223128,712.5602183588946
16597.675331867034,267.5159703141332
50574.527938740786,968.6832583004749
7844.041082214908,92.07182635633878
30569.556702817485,309.65302216725246
5753.816942106374,241.08948682756872
8297.545460666768,181.84910961030434
5519.421316006297,128.20794467739006
5011.677516143225,182.29392607266064
6151.35348192706,97.48659860441464
50935.92558138445,482.1548396444441
51706.1005193395,533.2660952741238
20972.105679034634,383.55295898657937
6611.115461732496,150.43010407238498
60159.393514384086,610.9671545727707
21298.049298317812,350.1287386705049
32348.31719041903,358.5518909887036
2717.7377711069926,33.376779831080675
7003.96902620963,142.24683879729542
40144.26796316371,674.6780626705174
24707.611738008647,246.04481709661206
21778.982423659003,240.69100471009767
60942.5311246328,656.5817778201754
11580.365541194658,232.0552738285056
320.0770570759595,4.24932366213454
8270.195677784875,182.97948250455443
13786.068176253686,184.23350551479527
7134.516457700929,147.4660087473552
76533.2552897143,709.6046782182025
10440.273355454126,203.4220785237156
27949.37399507151,442.55042934070127
17758.892069570094,295.08860832968344
12256.464403205595,275.4765649309049
2693.706775592196,71.62486551218923
16737.488152872345,186.13297080460487
11018.542812722702,248.29322009315126
15254.286703423397,465.38369871807475
72611.98178927929,791.4118441328206
1414.6042401900934,23.8517386077869
24751.87297365045,527.1601100902634
7629.579911761589,114.41059410790452
39251.73584023963,598.3550874490115
19738.156582036354,627.0513724450635
40482.79347892973,378.85459444235386
4448.947727092798,77.37218892135877
82638.17865355367,845.1972480361344
27284.611720230438,319.3045238154839
37671.80997233081,446.33006785982633
66057.97873873844,770.837788022605
8059.254726616542,75.93068817474216
70827.30565943137,695.081569229795
19004.650368380277,328.9876804036097
4975.989234542981,191.84680740317398
26513.644899490326,332.6340174370904
9891.702480124366,118.913917068312
13402.82246533749,219.15729845884795
22827.70949449179,376.13848715477087
46781.011963835954,571.1998127293868
29172.312918305033,401.7818351533215
15078.683976430711,235.12388071313717
22652.802450451694,307.0646155210013
8842.539525565471,184.88973689570122
30167.95455719252,435.2499653260392
92.0377685632947,2.7747843729351267
5285.722556079575,75.52116533874369
46441.689728216865,476.9375593355192
4834.500407050787,73.89337442749277
29462.771277141608,275.6736884953037
38537.7244714328,1025.0663204759744
4823.04145806813,68.8286911016038
63207.147720873014,623.4722711862448
3401.30003163327,98.3938668423614
23839.293145477706,312.7323353973135
60481.27379394873,800.1456733697896
60558.496646295396,729.59276474637
28690.63304003506,300.6811211046122
24377.28235514811,325.1283033411425
13354.411894834893,172.95106201903883
44876.434554170904,422.4878442481868
40975.713336990106,501.57257006692606
103481.12383636992,1078.8019484582983
11890.61804845154,115.1058858257068
28068.942066353862,452.55177331005575
1447.4199435669045,48.46880834915689
18439.20472084013,239.5022454693678
50801.382080617535,579.1024010739603
5405.243703864631,168.15838205946994
16351.228654030087,307.7921075212993
49850.1056269604,688.7548437634206
1967.7770629266329,56.33976983352254
29585.420931395878,599.0019695815739
42195.63017665069,421.7406459512476
10873.338974681208,184.20743995953075
7459.672551993831,287.5720250465513
34399.1722520359,381.6883339667573
29153.525810350664,301.0066315801016
17640.704089880855,254.8735053963448
28333.48250114173,376.7857551156619
3055.611333420434,130.78140204143654
46996.82995085988,488.4390136590254
13205.066767404966,164.40552276103796
22071.93667631161,477.01589801655746
28346.13978490145,421.7438543449362
7340.984530013775,93.91250266166021
23497.235881676235,246.25174277709198
35193.3836541579,494.7616076319195
31137.559951106898,551.6816235683937
1695.619157979583,46.24971958452376
5905.112892070108,154.91650189139446
28251.215333026368,477.197102070761
11571.017885916017,223.01245814393985
9498.907540077304,330.7895558538105
2227.8973214946645,94.98271365507166
6215.615041238585,265.91167550594156
12703.800371264624,489.5243993350355
66761.99907644758,694.6346845066972
19826.904134879936,238.02117820203088
2146.416976798125,20.421352654623412
2133.177636570714,36.60726458200759
18416.47602774013,168.8010603306166
24253.362629012023,247.76505983551885
16361.582140281062,460.7270860054207
10727.61520300582,302.6949064817261
4330.828986865408,74.37941318383555
50565.62890806907,692.9180408999288
4554.573099506948,109.26954591592667
18179.386825692298,428.9482987765839
3669.634484185311,141.43028278192614
12309.349627876474,190.5733366131047
50068.590542516584,470.788259141348
20670.297775507475,492.25675896380017
4803.7996910210195,171.79341409740863
10452.615994923504,134.5957365267264
12567.472871998993,168.54233886472738
11590.115869258078,235.26436160116197
9532.41474085817,280.5224395351136
12952.019029545585,119.74781420922184
46074.64374916802,582.5756250752964
10308.029564247032,227.849975484594
7426.389060121101,87.87877934284128
10465.664400474225,117.03429209230222
1290.5620887898,11.987099871903714
7855.932064986142,160.83650577238382
4226.688473814098,156.5021737160872
44828.18387589743,652.0663064448006
3062.7556697486248,68.570524542758
17930.21216956717,343.5555148914064
1484.3746489629375,58.563693988041905
42782.21740808885,402.88720631171526
54511.097176131225,538.2176389569876
5692.34347857135,58.69518140383811
48497.75813976282,812.5449655996523
3619.1686608723003,47.433599027952674
39450.08449837939,388.37442519744354
12169.65914421827,164.73151746821588
39000.62639483745,386.43034474129524
11328.676011796491,466.51207363187484
31417.932763028475,611.9054140922512
77106.23303604878,754.1535440443076
57964.79395877769,658.502917328527
2876.6706514613275,60.132759479422035
1140.6392882167572,16.20377812471876
45179.4971147302,413.94495502661147
11972.911792112569,469.6546421318922
24154.357300015778,410.64893174183425
20476.136645376835,310.88870578592383
7466.695061447306,279.68823487213535
1307.740878416449,54.20744102643296
50254.92323745611,520.8044538157304
8266.603324707177,77.21819280391763
4837.58746795898,72.20169342947335
7207.710473703671,174.49752006009385
9442.488926223763,254.45938090555893
13895.184280641659,221.38178363770064
26001.344825695393,329.697544175847
446.0058474081999,9.824041459603102
10691.54322481553,163.17021533965172
8715.06737227749,195.78638658530767
949.5827147674923,8.939414806910342
17403.39185548671,197.337703644661
14264.909711808768,297.560333240548
1459.1707679480717,30.24843873139158
46765.11660246826,751.5431521045676
13103.050548614254,506.16224706312164
12472.275534274939,196.8433292692917
31185.29208611684,428.27159921821107
5336.126955364048,191.65391279164652
52362.15114690746,839.6710411526124
29244.684361905063,338.8724589373434
44623.90099962154,451.5020514169773
6323.6737355040605,93.08243444558966
2035.258920647329,67.3400655978935
6123.099202217186,88.65343358561685
16424.41945330566,223.44141489974785
21307.87038317671,361.87754977529164
10305.206472462396,269.76032988620926
5204.414291720925,207.12541347390862
43655.35962533206,456.1109524260002
7905.306117738393,73.08994903148266
9026.130834598673,94.78644152823841
13792.01328821242,565.3973373144925
2950.9904978018308,66.37261984939293
9104.768004534686,238.2669175652436
82634.862384296,948.7369879703419
16101.563808840883,202.61906450905207
40452.054956335465,441.6494148393548
585.1529097211113,8.536181787297565
8733.20824695349,130.1923957765443
11887.015200254405,112.66767761659936
1726.718827815614,32.45008506339862
13873.628558981878,394.8109626827209
34963.60603375038,320.37918100695856
6234.020425985485,75.06122019518392
16636.51497065411,172.96816041438277
12807.78770170615,329.2356699842621
65945.35413494993,994.4332724722701
2068.379285028132,63.587146743640545
94786.25622069013,1090.1936781162738
16980.11524731838,179.35389889984327
16090.710718351605,207.49113782897945
8018.4908848554105,269.90532885506525
6912.943532015537,103.99509775653797
7906.837884529591,193.1850032225041
51827.83520446805,495.66881069543166
14653.871875690991,302.2608005982123
14042.882478547665,178.9499641392174
5805.410815679595,88.76526180026738
3903.825237807403,55.67931017254661
34555.11331521219,817.2287682540883
48531.78531423383,808.6498579302948
9584.78846148353,87.18268166224055
2291.0345812500736,32.922586195436736
4221.41713991988,64.86038021508321
401.707217305752,6.929729440532316
23553.308032140256,334.9339876769957
7509.573493665697,165.8255476684931
74370.8968342893,933.1496785264875
41012.21242608249,438.4952296570899
7085.988357043382,246.0009616012557
17663.33178919248,173.63357151396917
3869.55327498236,66.03789437559539
26443.573965465697,668.4465217599188
8500.093790475645,354.34429167704656
15556.628687016417,441.2271632734302
15580.250954791612,150.864079321721
9428.652810809224,151.13021968130334
27879.143496055498,679.6734190535948
538.0193919351401,22.51842381374712
16311.505335094633,641.7591501546239
37096.24307988578,590.2973818654701
18408.82356029376,313.19108473020555
19715.739595855874,566.7572230224351
14946.230002831844,555.0384816629369
15567.97038791154,286.06511179242483
11859.440808890125,196.85279922813857
26714.78705029268,321.2275507440189
66132.5265483539,824.5577217790143
18655.20731891282,210.2279341548737
15699.38959027556,415.6338291390843
13346.602700936744,276.6856823182989
43868.63149882484,683.1319083368483
2162.3721653711,53.32464612760359
5047.483344047286,167.82682117169986
12455.885670641484,333.25583928719317
3470.320605451365,118.4320612293729
12483.496168686037,131.22451255538948
28871.15355619245,1092.1631810795473
24479.114042666235,490.674516475069
2179.525654130108,64.24064273201442
6629.763868088321,279.5101015415371
15606.546674273022,243.1747206941705
96882.87929769463,955.0519073408257
83140.53529293106,772.4734479918587
6980.793177072522,129.86718468563626
42827.97688084482,456.0391755487751
15084.678620390505,198.5109583340351
3793.6608861962422,91.84348581611734
77128.13049578536,993.4279853257632
20360.522858827248,310.624998809389
11075.926871151974,165.0209174529505
16996.251550431265,570.4127985181807
28754.749711973865,393.6840875229086
7563.037376269814,159.09882521582713
37102.24985809743,510.90242668057635
44432.63431602327,600.8422988266577
13009.24820632293,184.2871185303559
4857.676414113591,103.39678003161549
35323.58197799457,422.13622067811355
7634.24502144014,69.91880105618974
4457.942924109342,95.89932929164425
45241.73321842149,855.9438289826325
9633.157030099082,104.51665646010713
42509.17261712091,390.52425255328797
15327.308141555843,297.61284446704434
19661.307344914436,221.9801106753537
51565.60724905724,604.6651842937135
23379.89780474694,459.9106819058396
12458.937835823777,257.2500367082828
6614.112725866698,78.53239994801146
19401.63382399398,217.41378834010933
30033.404661324075,583.5669246640578
36151.2801333036,352.70374232815516
57098.51334969942,599.4939187066706
28225.120881219624,480.95542039697085
10054.416546364231,209.7561187881
2649.7493194821614,36.509521842594964
18836.303090550366,792.2558002173045
15937.20665744176,254.50505122969096
22204.473529678115,213.40501451812557
18104.461888050595,776.0172507088462
42632.00275547817,591.5986513250539
50930.350550281386,523.2516728780137
25561.187171537178,255.5011410360471
38432.61770862099,362.9642005953644
13669.988896146777,460.6551349637538
20574.8879350082,387.4362968614886
29076.676067979835,631.2887168033842
50976.025598588305,513.0548532483923
32328.74285547918,335.44496435827716
10195.857947653953,277.4090378696164
31541.999524433155,481.5366492536634
446.55127484089724,16.826178660480437
10294.085803189055,101.07580756937836
26889.289393869334,793.0440464700025
27657.389211749793,785.8015657237046
39855.26739404892,555.0858413046003
32649.231490306283,475.5124222618514
9694.071844601911,219.7226043853815
39813.85667061366,618.5850581100152
43481.838372298764,515.3112308627392
11970.682892791645,129.48723430603616
17169.553967828575,689.9704382583913
31143.78922224512,339.7311277488594
20309.27592904112,209.08099649590264
12725.339157504304,486.93047697727746
15439.101333069102,215.02022783810438
34216.387547521,591.7939530778133
5665.855180689802,113.22805144955957
54152.87317630324,562.0953516708141
8230.849092257893,91.88747364937484
40388.11259671871,406.3023446313032
7456.087346306847,205.42354924691227
17919.71563577051,543.8193010708468
7723.497669071097,101.23911233546897
25617.943639610166,366.94456463568133
8619.142071908265,132.31667066707047
9093.379959751313,154.73369794550152
39249.79116398727,638.111835110591
12625.301451689345,273.7419980197379
2786.6020312139917,39.18597034731215
22094.399149802965,227.4500235195672
1309.375943991946,28.632293790946356
24224.98707111879,232.32295761825105
66264.90337262463,945.0728774529191
2938.154412181937,29.05360523822668
68233.62820900956,714.8619854797014
12968.107875576407,246.12127637198142
34897.926716095106,319.226551013162
62755.60335138681,829.8145498400755
32398.788709293265,623.2197611601814
16284.144020741525,254.61030357576666
4998.980972993178,62.2855074504035
3739.4839700171624,38.252356509842144
56625.46814184641,588.6448863309957
2013.7988381256635,28.002519458927516
8739.728847571538,228.96875528598517
18034.343230119885,422.29769881463153
2237.3405522265853,26.834548749234354
6802.6123570670225,173.31269146107815
6935.741723684687,110.6208391678306
53019.283607612706,613.7407557814931
6244.612875099172,178.4859534027485
14224.62527114055,483.95659843191737
56062.58901277759,738.455163166009
14208.338715390018,606.0418584849033
45808.62343544183,741.2385973086136
13124.733346772964,255.58684309580764
16127.744768711313,532.0444220201871
28049.62967274955,609.5913194626048
17481.03989906667,245.33412706997058
45240.11005258601,717.3672872882012
22423.247119370382,299.41220751192554
1210.1549727926385,44.29522947242321
94834.45955527136,994.5270301209775
13957.903034676487,158.96587256779887
30959.093520911185,407.2106329843265
319.4784590026011,5.8270924757965865
27888.30211475956,360.5658544959401
18578.860240735652,388.6310310140961
5539.353789586426,84.92795235799645
24744.088405700313,287.8560753512654
26238.374619568604,371.09192910151114
23998.036308381023,461.7016418216783
40567.12900276697,378.5318055986643
57809.96916275665,559.9938218350451
12209.84090706886,220.42731586203666
18617.952166035335,284.6711294866803
13007.150737145701,197.91479916224844
10470.092832808132,96.71781566301145
19661.417535850338,202.64336645166995
5302.427411977904,216.90147820861802
2506.461712015834,65.33438525769607
13188.385389040683,409.07694873251427
6662.631170638731,82.59983533704032
3402.8316981055214,87.2681282317474
11845.458570387684,180.22610126291283
19076.335828826057,239.24044423630548
15528.61137276003,411.30963200196925
47244.50145478844,494.0259655604645
5466.196108164232,159.88661006791764
8024.246440832961,261.6012263450384
11348.150801950294,167.29622560587305
2045.3931137713562,31.080637992182446
30159.24560287211,464.37863061512104
10079.50131591106,205.47402509003226
12526.434818246358,121.82835954614768
10029.802858166036,134.22740022329802
10876.050229712637,203.7550582008747
6618.533791626763,133.8754898602087
8042.0440730505425,78.23058309099483
1029.0228847457713,13.32620679233884
45524.93017887638,677.9859749807463
23913.958032176903,1021.2847660396922
1397.5854911875645,19.415860510900806
32014.311618995653,496.95041042701314
27824.48900676845,471.0067649611128
16002.684527841751,470.1262955485841
5017.373907342339,125.98250107698195
24613.17223024104,238.04623472081894
45354.35889199861,692.2989922243459
38357.82680210646,373.62899814629907
54404.51938254552,498.3377975990273
4557.8625410910845,82.41161696467991
6689.1616002060555,269.5937689694279
23926.892049782087,247.1092463729073
7188.904027634187,74.05200876745252
14258.066438549815,503.0262691345316
49979.90341852982,647.4385768545134
7288.572566073998,154.65202985896056
26099.626170791827,593.0577166069903
40876.58181084235,442.20837228919197
15166.9656210229,275.60104522088295
2665.549218446178,30.83867011606591
23511.321484607168,480.15935584457276
9398.160288946747,113.72305176332208
16495.95919196714,215.2815289353106
30187.092975620453,571.1213555357824
27873.673374861806,292.40253612165816
19222.83642605048,448.9770166018282
31220.327630357697,309.0849304818386
16068.394283887175,329.78044753541195
36115.596205464724,634.7122256076944
54208.35001040949,512.5469778075941
29774.913492028078,336.35021948451896
27759.45721339215,315.06518495497346
5097.4096817234695,57.422243789019504
23477.48058059485,432.4787632571406
14255.475592963196,278.5176404613684
25667.09110757426,347.87736295228825
22121.319692048877,609.8840658292971
20063.814630336477,245.17663738677544
5944.949046070716,154.12258868810855
63220.922961173375,594.130633986387
19496.201678040114,203.33128411238874
3304.589536851624,91.91190928127392
64473.6655966631,684.6534078671054
26100.873867066533,401.8078655489441
1402.0767749630513,17.19512265245468
8796.485481521295,155.24548231781182
13116.559046138233,467.74873001649655
32961.89636249948,797.9280442659445
6153.064218953221,158.78724587080583
64366.08328180081,615.2546977238163
54236.931383324554,510.5266132645263
2201.4094425834123,84.79442482353281
17346.800150356517,242.17531186750756
507.36218783069626,7.243610165474456
3997.6076431328147,61.64296103245679
8772.452267729323,166.4525781655865
644.2531903463246,9.106355055272356
14962.40754569435,158.32276910579347
27786.61747166128,521.6849064873695
29286.968356269153,349.10769122403417
14562.506320819448,142.85832092087762
410.71246749757773,15.623606853307816
56494.18373108732,622.5340557636224
2661.931954070292,60.89519876649743
27660.26477484349,328.8959867756908
10708.208421322184,323.7920376855268
21445.566184588242,230.23681602825314
37706.18232602205,530.5406316539892
29465.920493633967,272.4430852341723
5848.587818026971,176.9326576982747
22646.571793776595,250.16637713893573
19098.735069007616,351.41006169376806
17829.809070095882,249.03810969084282
22547.27526710667,240.01718652463438
5997.708341681112,93.48482156394236
2836.993790342242,50.949860343930254
30003.01934530527,351.3638937020701
1461.8374067597706,30.022851096671047
9948.289457622262,101.69607193921117
45540.63729601514,1042.3860555023277
17827.515059003203,399.8240458154552
9244.485713340573,140.5752962741651
876.6049999671112,33.75583145149408
3543.0410806091236,127.86027549847529
10253.106460763414,300.55878904349214
2449.9488189019703,90.59671396375319
6751.773858510349,184.25547492036557
8284.118974700481,192.78163078861357
37196.289970331236,338.30235140043396
15313.873468972863,259.0587129225481
231.94147933601482,5.060434472489978
5516.502858055873,188.53518681899257
2218.755894428904,32.7835117055114
13651.977332826911,219.96422188713748
34018.08090135139,745.9839822809407
48771.650799083174,448.13578028528804
15059.997568004572,353.62475709381465
24747.996841261836,517.6543795686734
65316.29341135727,716.019851858464
35347.18271133949,373.0675207648387
4200.739478419448,49.360223827690206
17711.994975960682,255.878812295344
171.2099671495502,1.7170736017718653
14264.121191609214,411.5718906676316
26168.731837255025,314.3518683550519
31052.471827833284,1014.8423155617725
61883.56165162864,753.9874851774584
5006.60892477055,102.26303701924148
14568.75271500287,251.21851878021874
82317.41742763152,840.8325071656574
46237.53463633917,701.2862613328878
21424.394573054975,393.4998112976432
10652.945672045209,96.88514788682266
37384.43971426727,693.2216464868344
49160.185634722686,450.452179774778
6738.815810038812,124.98913902346271
58681.99510244733,559.7219980942044
42403.41702528344,512.6792235489513
3192.802876379219,53.07006452790272
1355.6708426444766,19.65819836727765
2377.5676292688045,57.56883184529695
111065.66128979159,1103.8280031646805
39014.18404583074,424.00114870350245
13302.516031272662,396.6736019258176
36904.19609998324,398.70580966211554
16948.89672814283,303.02416793944144
12370.075309979193,199.1882102863254
31197.001662732677,297.48596350666674
12799.080151271299,221.93252577412758
1144.3616680368593,18.417405422749248
14113.90051308526,171.47689219006546
37935.407641719205,460.4722142066589
10139.010396015048,150.58058423608765
9106.247826507972,135.28104739157692
67051.15261227373,773.0218455197363
22027.48932397248,453.74191082131483
27078.5504474598,396.0144655247926
4586.812634137889,82.74689698396172
23143.898941078285,441.43014527409014
19877.35926881582,693.1011262392271
8788.317906654676,216.32969006586276
7514.428351543012,183.64642264740135
9367.76860061129,189.09229296181067
3133.6640165690337,62.102876649639185
15144.404658422529,336.8459838263059
65237.76611239472,629.1417370601683
6596.9150232692255,127.8829857663095
2899.357314902556,27.357274638145128
10366.184535166529,218.31465596074588
20323.42119325548,381.7801029986767
5364.447539925252,161.53764852744732
5912.357910642184,128.68713938558844
25765.664721730616,328.8227811056381
39835.9022068327,470.41825320101157
21079.052798377114,704.387366222968
5922.903735344613,154.02758458220862
18878.06127506232,302.78741935787633
29861.48874391601,292.99521608652253
23061.56245250034,373.48068819837226
9977.109344735849,131.367182092665
21303.8182965872,622.2836584326502
3342.9837467627203,94.11496352924209
34487.16312113514,381.66913889219643
44558.39622200961,412.40115896477766
8755.782762783909,322.9964781462552
6844.287766153141,80.64044411626196
14688.820507350434,446.14968485549383
14301.51992793987,188.35182035559765
32360.13107115843,408.71643197650644
10838.108853920041,436.3900610946385
28095.07941246049,382.0819685342713
20782.46276562979,518.0623408350001
4866.314053591117,55.2750114678154
75585.61535685125,737.5508408335947
1813.429467183526,48.62591405536401
8960.413596534068,259.60070426416416
13886.695759746051,206.6939484657355
6605.096622958161,149.78030621707447
10999.989624853162,244.9990953526635
8861.304955206897,193.42761612015948
4988.762643621966,186.0233608728909
